{
    "name": "root",
    "gauges": {
        "Trader.Policy.Entropy.mean": {
            "value": 0.017678674310445786,
            "min": 0.002277108607813716,
            "max": 0.3736755847930908,
            "count": 135
        },
        "Trader.Policy.Entropy.sum": {
            "value": 39.777015686035156,
            "min": 5.246458053588867,
            "max": 1182.91552734375,
            "count": 135
        },
        "Trader.Policy.ExtrinsicValueEstimate.mean": {
            "value": 0.010273980908095837,
            "min": -2.5542776584625244,
            "max": 19.800373077392578,
            "count": 135
        },
        "Trader.Policy.ExtrinsicValueEstimate.sum": {
            "value": 0.48287710547447205,
            "min": -97.06255340576172,
            "max": 732.6138305664062,
            "count": 135
        },
        "Trader.Losses.PolicyLoss.mean": {
            "value": 0.2617613047381166,
            "min": 0.2284689075169571,
            "max": 0.26934285467593666,
            "count": 135
        },
        "Trader.Losses.PolicyLoss.sum": {
            "value": 0.7852839142143497,
            "min": 0.4569378150339142,
            "max": 0.7978517805068396,
            "count": 135
        },
        "Trader.Losses.ValueLoss.mean": {
            "value": 5.880621728602109e-06,
            "min": 1.6478501508866768e-06,
            "max": 793.6809210428293,
            "count": 135
        },
        "Trader.Losses.ValueLoss.sum": {
            "value": 1.764186518580633e-05,
            "min": 3.2957003017733536e-06,
            "max": 1587.3618420856585,
            "count": 135
        },
        "Trader.Policy.LearningRate.mean": {
            "value": 6.781861937242812e-07,
            "min": 6.781861937242812e-07,
            "max": 0.00029840000053333335,
            "count": 135
        },
        "Trader.Policy.LearningRate.sum": {
            "value": 2.0345585811728434e-06,
            "min": 2.0345585811728434e-06,
            "max": 0.0008244000251999999,
            "count": 135
        },
        "Trader.Policy.Epsilon.mean": {
            "value": 0.10022602880658438,
            "min": 0.10022602880658438,
            "max": 0.19946666666666674,
            "count": 135
        },
        "Trader.Policy.Epsilon.sum": {
            "value": 0.30067808641975313,
            "min": 0.20209074074074077,
            "max": 0.5748000000000001,
            "count": 135
        },
        "Trader.Policy.Beta.mean": {
            "value": 1.1107541152263377e-05,
            "min": 1.1107541152263377e-05,
            "max": 0.0004973866666666668,
            "count": 135
        },
        "Trader.Policy.Beta.sum": {
            "value": 3.332262345679013e-05,
            "min": 3.024462962962962e-05,
            "max": 0.0013765199999999998,
            "count": 135
        },
        "Trader.IsTraining.mean": {
            "value": 1.0,
            "min": 1.0,
            "max": 1.0,
            "count": 135
        },
        "Trader.IsTraining.sum": {
            "value": 1.0,
            "min": 1.0,
            "max": 1.0,
            "count": 135
        },
        "Trader.Environment.EpisodeLength.mean": {
            "value": 1499.0,
            "min": 444.0,
            "max": 1499.0,
            "count": 21
        },
        "Trader.Environment.EpisodeLength.sum": {
            "value": 25483.0,
            "min": 444.0,
            "max": 26982.0,
            "count": 21
        },
        "Trader.Environment.CumulativeReward.mean": {
            "value": 0.022807369583888966,
            "min": -101.0032467842102,
            "max": 100.50099398671753,
            "count": 21
        },
        "Trader.Environment.CumulativeReward.sum": {
            "value": 0.3877252829261124,
            "min": -101.0032467842102,
            "max": 1809.0178917609155,
            "count": 21
        },
        "Trader.Policy.ExtrinsicReward.mean": {
            "value": 0.022807369583888966,
            "min": -101.0032467842102,
            "max": 100.50099398671753,
            "count": 21
        },
        "Trader.Policy.ExtrinsicReward.sum": {
            "value": 0.3877252829261124,
            "min": -101.0032467842102,
            "max": 1809.0178917609155,
            "count": 21
        }
    },
    "metadata": {
        "timer_format_version": "0.1.0",
        "start_time_seconds": "1616021940",
        "python_version": "3.7.9 (tags/v3.7.9:13c94747c7, Aug 17 2020, 18:58:18) [MSC v.1900 64 bit (AMD64)]",
        "command_line_arguments": "C:\\Users\\Kenneth\\source\\repos\\Stonks\\venv\\Scripts\\mlagents-learn config/stonks_config.yaml --run-id=batch0_1 --time-scale=1 --initialize-from=batch5",
        "mlagents_version": "0.24.1",
        "mlagents_envs_version": "0.24.1",
        "communication_protocol_version": "1.4.0",
        "pytorch_version": "1.7.0+cu110",
        "numpy_version": "1.20.1",
        "end_time_seconds": "1616040703"
    },
    "total": 18763.037842299997,
    "count": 1,
    "self": 0.006517799996800022,
    "children": {
        "run_training.setup": {
            "total": 0.38008359999999985,
            "count": 1,
            "self": 0.38008359999999985
        },
        "TrainerController.start_learning": {
            "total": 18762.6512409,
            "count": 1,
            "self": 0.43827750005948474,
            "children": {
                "TrainerController._reset_env": {
                    "total": 21.5232467,
                    "count": 1,
                    "self": 21.5232467
                },
                "TrainerController.advance": {
                    "total": 18740.587883499942,
                    "count": 18034,
                    "self": 0.2355496999625757,
                    "children": {
                        "env_step": {
                            "total": 18740.35233379998,
                            "count": 18034,
                            "self": 18700.239453000126,
                            "children": {
                                "SubprocessEnvManager._take_step": {
                                    "total": 39.89041390004185,
                                    "count": 18034,
                                    "self": 1.1253327001988467,
                                    "children": {
                                        "TorchPolicy.evaluate": {
                                            "total": 38.765081199843,
                                            "count": 18034,
                                            "self": 14.351805999754816,
                                            "children": {
                                                "TorchPolicy.sample_actions": {
                                                    "total": 24.413275200088187,
                                                    "count": 18034,
                                                    "self": 24.413275200088187
                                                }
                                            }
                                        }
                                    }
                                },
                                "workers": {
                                    "total": 0.22246689981148293,
                                    "count": 18034,
                                    "self": 0.0,
                                    "children": {
                                        "worker_root": {
                                            "total": 18741.80341770004,
                                            "count": 18034,
                                            "is_parallel": true,
                                            "self": 64.90471480015185,
                                            "children": {
                                                "steps_from_proto": {
                                                    "total": 0.0006050999999978046,