{"count":1,"self":28560.084172799998,"total":28682.132812599997,"children":{"InitializeActuators":{"count":18,"self":0.0050025999999999994,"total":0.0050025999999999994,"children":null},"InitializeSensors":{"count":18,"self":0.0015007999999999998,"total":0.0015007999999999998,"children":null},"AgentSendState":{"count":18039,"self":1.8374295999999999,"total":10.3217052,"children":{"CollectObservations":{"count":324702,"self":1.8344824,"total":1.8344824,"children":null},"WriteActionMask":{"count":324702,"self":0.4318294,"total":0.4318294,"children":null},"RequestDecision":{"count":324702,"self":1.5024973,"total":6.2179639,"children":{"AgentInfo.ToProto":{"count":324702,"self":1.1844272999999998,"total":4.7154666,"children":{"GenerateSensorData":{"count":324702,"self":3.5310392,"total":3.5310392999999998,"children":null}}}}}}},"DecideAction":{"count":18039,"self":110.12693759999999,"total":110.12694239999999,"children":null},"AgentAct":{"count":18039,"self":1.5885288,"total":1.5925261,"children":{"AgentInfo.ToProto":{"count":216,"self":0.0005001,"total":0.0039973,"children":{"GenerateSensorData":{"count":216,"self":0.0034972,"total":0.0034972,"children":null}}}}}},"gauges":{"Trader.CumulativeReward":{"count":216,"max":0.395276129,"min":-101.075844,"runningAverage":-10.3627586,"value":-0.06304029,"weightedAverage":-0.21147503}},"metadata":{"timer_format_version":"0.1.0","start_time_seconds":"1616042327","unity_version":"2020.2.2f1","command_line_arguments":"C:\\Program Files\\Unity\\Hub\\Editor\\2020.2.2f1\\Editor\\Unity.exe -projectpath C:\/Users\/Kenneth\/source\/repos\/Stonks -useHub -hubIPC -cloudEnvironment production -hubSessionId 667af4f0-83dc-11eb-b4a3-5d7e3bfb2664 -accessToken rhoe6ltAiRXshDXocqKkNRtnZFFBgmZ_TPYiXG-0vm4012f","communication_protocol_version":"1.4.0","com.unity.ml-agents_version":"1.8.1-preview","scene_name":"SampleScene","end_time_seconds":"1616071009"}}